t,r,l,s
1667412000,1.1734,53.99,46.01
1667433600,1.5727,61.13,38.87
1667455200,1.5536,60.84,39.16
1667476800,1.6882,62.8,37.2
1667498400,1.5974,61.5,38.5
1667520000,1.6199,61.83,38.17
1667541600,1.5478,60.75,39.25
1667563200,1.1482,53.45,46.55
1667584800,0.9833,49.58,50.42
1667606400,0.8113,44.79,55.21
1667628000,0.7467,42.75,57.25
1667649600,0.7289,42.16,57.84
1667671200,0.7528,42.95,57.05
1667692800,0.7452,42.7,57.3
1667714400,0.7646,43.33,56.67
1667736000,0.8315,45.4,54.6
1667757600,0.8619,46.29,53.71
1667779200,0.9033,47.46,52.54
1667800800,1.1115,52.64,47.36
1667822400,1.3485,57.42,42.58
1667844000,1.4826,59.72,40.28
1667865600,1.6903,62.83,37.17
1667887200,2.1299,68.05,31.95
1667908800,2.2165,68.91,31.09
1667930400,2.2415,69.15,30.85
1667952000,3.2052,76.22,23.78
1667973600,2.9857,74.91,25.09
1667995200,3.0371,75.23,24.77
1668016800,3.095,75.58,24.42
1668038400,2.5051,71.47,28.53
1668060000,2.7807,73.55,26.45
1668081600,2.3146,69.83,30.17
1668103200,1.891,65.41,34.59
1668124800,2.013,66.81,33.19
1668146400,2.3047,69.74,30.26
1668168000,2.0321,67.02,32.98
1668189600,2.1289,68.04,31.96
1668211200,2.2175,68.92,31.08
1668232800,2.1407,68.16,31.84
1668254400,2.0684,67.41,32.59
1668276000,1.9172,65.72,34.28
1668297600,1.9551,66.16,33.84
1668319200,2.0139,66.82,33.18
1668340800,2.2425,69.16,30.84
1668362400,2.2755,69.47,30.53
1668384000,2.44,70.93,29.07
1668405600,2.4953,71.39,28.61
1668427200,1.8802,65.28,34.72
1668448800,2.0902,67.64,32.36
1668470400,2.4002,70.59,29.41
1668492000,1.9833,66.48,33.52
1668513600,1.7473,63.6,36.4
1668535200,1.5297,60.47,39.53
1668556800,1.5323,60.51,39.49
1668578400,1.5044,60.07,39.93
1668600000,1.7457,63.58,36.42
1668621600,2.3367,70.03,29.97
1668643200,2.2852,69.56,30.44
1668664800,2.2468,69.2,30.8
1668686400,2.0193,66.88,33.12
1668708000,1.8835,65.32,34.68
1668729600,1.6969,62.92,37.08
1668751200,1.6212,61.85,38.15
1668772800,1.8273,64.63,35.37
1668794400,1.9078,65.61,34.39
1668816000,2.0084,66.76,33.24
1668837600,2.0102,66.78,33.22
1668859200,1.9976,66.64,33.36
1668880800,1.9568,66.18,33.82
1668902400,1.9146,65.69,34.31
1668924000,1.9815,66.46,33.54
1668945600,1.9516,66.12,33.88
1668967200,1.994,66.6,33.4
1668988800,2.2669,69.39,30.61
1669010400,2.5423,71.77,28.23
1669032000,2.5894,72.14,27.86
1669053600,2.5537,71.86,28.14
1669075200,2.6417,72.54,27.46
1669096800,2.5689,71.98,28.02
1669118400,2.5587,71.9,28.1
1669140000,1.8662,65.11,34.89
1669161600,1.9922,66.58,33.42
1669183200,1.6247,61.9,38.1
1669204800,1.4486,59.16,40.84
1669226400,1.4184,58.65,41.35
1669248000,1.5413,60.65,39.35
1669269600,1.429,58.83,41.17
1669291200,1.3855,58.08,41.92
1669312800,1.3804,57.99,42.01
1669334400,1.3929,58.21,41.79
1669356000,1.4021,58.37,41.63
1669377600,1.4462,59.12,40.88
1669399200,1.4313,58.87,41.13
1669420800,1.4408,59.03,40.97
1669442400,1.4184,58.65,41.35
1669464000,1.4096,58.5,41.5
1669485600,1.4372,58.97,41.03
1669507200,1.4882,59.81,40.19
1669528800,1.4716,59.54,40.46
1669550400,1.4516,59.21,40.79
1669572000,1.5069,60.11,39.89
1669593600,1.5634,60.99,39.01
1669615200,1.9412,66.0,34.0
1669636800,1.8645,65.09,34.91
1669658400,1.8466,64.87,35.13
1669680000,1.9138,65.68,34.32
1669701600,1.6717,62.57,37.43
1669723200,1.4219,58.71,41.29
1669744800,1.5733,61.14,38.86
1669766400,1.5419,60.66,39.34
1669788000,1.3776,57.94,42.06
1669809600,1.3535,57.51,42.49
1669831200,1.368,57.77,42.23
1669852800,1.2497,55.55,44.45
1669874400,1.0542,51.32,48.68
1669896000,1.0751,51.81,48.19
1669917600,1.1678,53.87,46.13
1669939200,1.2104,54.76,45.24
1669960800,1.2462,55.48,44.52
1669982400,1.2523,55.6,44.4
1670004000,1.2999,56.52,43.48
1670025600,1.2391,55.34,44.66
1670047200,1.2026,54.6,45.4
1670068800,1.2614,55.78,44.22
1670090400,1.2857,56.25,43.75
1670112000,1.31,56.71,43.29
1670133600,1.2676,55.9,44.1
1670155200,1.292,56.37,43.63
1670176800,1.2036,54.62,45.38
1670198400,1.1964,54.47,45.53
1670220000,1.1231,52.9,47.1
1670241600,1.0851,52.04,47.96
1670263200,1.281,56.16,43.84
1670284800,1.4956,59.93,40.07
1670306400,1.4355,58.94,41.06
1670328000,1.4594,59.34,40.66
1670349600,1.442,59.05,40.95
1670371200,1.4231,58.73,41.27
1670392800,1.4079,58.47,41.53
1670414400,1.6969,62.92,37.08
1670436000,1.6219,61.86,38.14
1670457600,1.6062,61.63,38.37
1670479200,1.5031,60.05,39.95
1670500800,1.482,59.71,40.29
1670522400,1.3127,56.76,43.24
1670544000,1.0137,50.34,49.66
1670565600,0.9512,48.75,51.25
1670587200,0.9833,49.58,50.42
1670608800,0.9732,49.32,50.68
1670630400,1.021,50.52,49.48
1670652000,1.0309,50.76,49.24
1670673600,1.0517,51.26,48.74
1670695200,1.0479,51.17,48.83
1670716800,1.0606,51.47,48.53
1670738400,1.0899,52.15,47.85
1670760000,1.076,51.83,48.17
1670781600,1.1061,52.52,47.48
1670803200,1.1744,54.01,45.99
1670824800,1.4114,58.53,41.47
1670846400,1.4582,59.32,40.68
1670868000,1.2815,56.17,43.83
1670889600,1.1395,53.26,46.74
1670911200,1.0942,52.25,47.75
1670932800,0.9055,47.52,52.48
1670954400,0.7905,44.15,55.85
1670976000,0.8529,46.03,53.97
1670997600,0.8615,46.28,53.72
1671019200,0.8857,46.97,53.03
1671040800,0.8342,45.48,54.52
1671062400,0.8132,44.85,55.15
1671084000,0.8498,45.94,54.06
1671105600,0.9361,48.35,51.65
1671127200,1.2568,55.69,44.31
1671148800,1.3674,57.76,42.24
1671170400,1.4432,59.07,40.93
1671192000,1.7167,63.19,36.81
1671213600,1.7027,63.0,37.0
1671235200,1.8011,64.3,35.7
1671256800,1.8531,64.95,35.05
1671278400,1.8629,65.07,34.93
1671300000,1.8361,64.74,35.26
1671321600,2.003,66.7,33.3
1671343200,1.9994,66.66,33.34
1671364800,1.9002,65.52,34.48
1671386400,1.9011,65.53,34.47
1671408000,1.9656,66.28,33.72
1671429600,1.9002,65.52,34.48
1671451200,1.8727,65.19,34.81
1671472800,1.9343,65.92,34.08
1671494400,1.9985,66.65,33.35
1671516000,1.9682,66.31,33.69
1671537600,1.7167,63.19,36.81
1671559200,1.6274,61.94,38.06
1671580800,1.6164,61.78,38.22
1671602400,1.5907,61.4,38.6
1671624000,1.6089,61.67,38.33
1671645600,1.6015,61.56,38.44
1671667200,1.642,62.15,37.85
1671688800,1.6205,61.84,38.16
1671710400,1.6178,61.8,38.2
1671732000,1.8727,65.19,34.81
1671753600,1.9481,66.08,33.92
1671775200,1.8885,65.38,34.62
1671796800,1.7609,63.78,36.22
1671818400,1.7579,63.74,36.26
1671840000,1.7785,64.01,35.99
1671861600,1.7571,63.73,36.27
1671883200,1.702,62.99,37.01
1671904800,1.6918,62.85,37.15
1671926400,1.681,62.7,37.3
1671948000,1.694,62.88,37.12
1671969600,1.6903,62.83,37.17
1671991200,1.6918,62.85,37.15
1672012800,1.7137,63.15,36.85
1672034400,1.6406,62.13,37.87
1672056000,1.6969,62.92,37.08
1672077600,1.7211,63.25,36.75
1672099200,1.7203,63.24,36.76
1672120800,1.6932,62.87,37.13
1672142400,1.7739,63.95,36.05
1672164000,1.9351,65.93,34.07
1672185600,2.2092,68.84,31.16
1672207200,2.1556,68.31,31.69
1672228800,2.1908,68.66,31.34
1672250400,2.2605,69.33,30.67
1672272000,2.3212,69.89,30.11
1672293600,2.3647,70.28,29.72
1672315200,2.3356,70.02,29.98
1672336800,2.1878,68.63,31.37
1672358400,2.1908,68.66,31.34
1672380000,2.2415,69.15,30.85
1672401600,2.3322,69.99,30.01
1672423200,2.199,68.74,31.26
1672444800,2.2605,69.33,30.67
1672466400,2.1959,68.71,31.29
1672488000,2.2468,69.2,30.8
1672509600,2.1646,68.4,31.6
1672531200,2.2216,68.96,31.04
1672552800,2.2552,69.28,30.72
1672574400,2.252,69.25,30.75
1672596000,2.2352,69.09,30.91
1672617600,2.125,68.0,32.0
1672639200,2.1309,68.06,31.94
1672660800,1.9833,66.48,33.52
1672682400,1.9472,66.07,33.93
1672704000,1.9586,66.2,33.8
1672725600,2.0331,67.03,32.97
1672747200,1.8694,65.15,34.85
1672768800,2.0312,67.01,32.99
1672790400,2.0202,66.89,33.11
1672812000,1.6903,62.83,37.17
1672833600,1.5291,60.46,39.54
1672855200,1.5183,60.29,39.71
1672876800,1.5497,60.78,39.22
1672898400,1.5536,60.84,39.16
1672920000,1.5355,60.56,39.44
1672941600,1.5138,60.22,39.78
1672963200,1.5094,60.15,39.85
1672984800,1.5549,60.86,39.14
1673006400,1.6575,62.37,37.63
1673028000,1.6596,62.4,37.6
1673049600,1.4284,58.82,41.18
1673071200,1.324,56.97,43.03
1673092800,1.2978,56.48,43.52
1673114400,1.3223,56.94,43.06
1673136000,1.3159,56.82,43.18
1673157600,1.3121,56.75,43.25
1673179200,1.3245,56.98,43.02
1673200800,1.3618,57.66,42.34
1673222400,1.4195,58.67,41.33
1673244000,1.2356,55.27,44.73
1673265600,1.1445,53.37,46.63
1673287200,1.1119,52.65,47.35
1673308800,1.0442,51.08,48.92
1673330400,1.082,51.97,48.03
1673352000,1.0636,51.54,48.46
1673373600,0.9818,49.54,50.46
1673395200,0.9026,47.44,52.56
1673416800,0.8406,45.67,54.33
1673438400,0.8406,45.67,54.33
1673460000,0.8567,46.14,53.86
1673481600,0.9015,47.41,52.59
1673503200,0.7705,43.52,56.48
1673524800,0.8232,45.15,54.85
1673546400,0.8605,46.25,53.75
1673568000,0.7924,44.21,55.79
1673589600,0.7498,42.85,57.15
1673611200,0.7746,43.65,56.35
1673632800,0.7634,43.29,56.71
1673654400,0.7976,44.37,55.63
1673676000,0.9455,48.6,51.4
1673697600,0.8793,46.79,53.21
1673719200,0.9066,47.55,52.45
1673740800,0.9091,47.62,52.38
1673762400,0.8553,46.1,53.9
1673784000,0.8619,46.29,53.71
1673805600,0.9055,47.52,52.48
1673827200,0.9008,47.39,52.61
1673848800,0.9658,49.13,50.87
1673870400,0.9062,47.54,52.46
1673892000,0.8392,45.63,54.37
1673913600,0.7565,43.07,56.93
1673935200,0.7516,42.91,57.09
1673956800,0.7693,43.48,56.52
1673978400,0.8258,45.23,54.77
1674000000,0.7569,43.08,56.92
1674021600,0.7683,43.45,56.55
1674043200,0.8132,44.85,55.15
1674064800,0.8169,44.96,55.04
1674086400,0.8038,44.56,55.44
1674108000,0.8587,46.2,53.8
1674129600,0.8312,45.39,54.61
1674151200,0.8162,44.94,55.06
1674172800,0.7677,43.43,56.57
1674194400,0.7501,42.86,57.14
1674216000,0.7921,44.2,55.8
1674237600,0.6756,40.32,59.68
1674259200,0.8332,45.45,54.55
1674280800,0.7259,42.06,57.94
1674302400,0.935,48.32,51.68
1674324000,0.9183,47.87,52.13
1674345600,0.8355,45.52,54.48
1674367200,0.9455,48.6,51.4
1674388800,0.9763,49.4,50.6
1674410400,1.0695,51.68,48.32
1674432000,1.0036,50.09,49.91
1674453600,0.9853,49.63,50.37
1674475200,1.0392,50.96,49.04
1674496800,1.0105,50.26,49.74
1674518400,0.9837,49.59,50.41
1674540000,0.9346,48.31,51.69
1674561600,1.0354,50.87,49.13
1674583200,1.0317,50.78,49.22
1674604800,1.0379,50.93,49.07
1674626400,1.1281,53.01,46.99
1674648000,1.134,53.14,46.86
1674669600,1.1664,53.84,46.16
1674691200,1.1584,53.67,46.33
1674712800,1.1482,53.45,46.55
1674734400,1.1825,54.18,45.82
1674756000,1.2482,55.52,44.48
1674777600,1.2477,55.51,44.49
1674799200,1.2386,55.33,44.67
1674820800,1.2002,54.55,45.45
1674842400,1.1004,52.39,47.61
1674864000,1.0825,51.98,48.02
1674885600,1.0986,52.35,47.65
1674907200,1.2114,54.78,45.22
1674928800,1.2257,55.07,44.93
1674950400,1.2124,54.8,45.2
1674972000,1.0231,50.57,49.43
1674993600,0.8843,46.93,53.07
1675015200,0.8702,46.53,53.47
1675036800,0.8501,45.95,54.05
1675058400,0.8322,45.42,54.58
1675080000,1.0894,52.14,47.86
1675101600,1.2188,54.93,45.07
1675123200,1.2467,55.49,44.51
1675144800,1.2247,55.05,44.95
1675166400,1.2267,55.09,44.91
1675188000,1.1195,52.82,47.18
1675209600,1.0925,52.21,47.79
1675231200,1.0713,51.72,48.28
1675252800,1.0969,52.31,47.69
1675274400,1.1008,52.4,47.6
1675296000,0.8332,45.45,54.55
1675317600,0.8508,45.97,54.03
1675339200,0.8713,46.56,53.44
1675360800,0.9055,47.52,52.48
1675382400,1.0076,50.19,49.81
1675404000,1.07,51.69,48.31
1675425600,1.1906,54.35,45.65
1675447200,1.1687,53.89,46.11
1675468800,1.3105,56.72,43.28
1675490400,1.3256,57.0,43.0
1675512000,1.457,59.3,40.7
1675533600,1.4062,58.44,41.56
1675555200,1.4015,58.36,41.64
1675576800,1.4528,59.23,40.77
1675598400,1.4307,58.86,41.14
1675620000,1.4242,58.75,41.25
1675641600,1.5893,61.38,38.62
1675663200,1.5342,60.54,39.46
1675684800,1.5044,60.07,39.93
1675706400,1.4783,59.65,40.35
1675728000,1.5361,60.57,39.43
1675749600,1.5471,60.74,39.26
1675771200,1.4606,59.36,40.64
1675792800,1.3895,58.15,41.85
1675814400,1.3202,56.9,43.1
1675836000,1.2533,55.62,44.38
1675857600,1.3026,56.57,43.43
1675879200,1.6476,62.23,37.77
1675900800,1.6137,61.74,38.26
1675922400,1.6497,62.26,37.74
1675944000,1.4863,59.78,40.22
1675965600,1.5164,60.26,39.74
1675987200,1.5157,60.25,39.75
1676008800,1.5806,61.25,38.75
1676030400,1.5667,61.04,38.96
1676052000,1.576,61.18,38.82
1676073600,1.642,62.15,37.85
1676095200,1.6015,61.56,38.44
1676116800,1.59,61.39,38.61
1676138400,1.6532,62.31,37.69
1676160000,1.7579,63.74,36.26
1676181600,1.748,63.61,36.39
1676203200,1.8082,64.39,35.61
1676224800,1.7832,64.07,35.93
1676246400,1.751,63.65,36.35
1676268000,1.7078,63.07,36.93
1676289600,1.7427,63.54,36.46
1676311200,1.6553,62.34,37.66
1676332800,1.6896,62.82,37.18
1676354400,1.6903,62.83,37.17
1676376000,1.656,62.35,37.65
1676397600,1.439,59.0,41.0
1676419200,1.3315,57.11,42.89
1676440800,1.3669,57.75,42.25
1676462400,1.2573,55.7,44.3
1676484000,1.0894,52.14,47.86
1676505600,0.9286,48.15,51.85
1676527200,0.8674,46.45,53.55
1676548800,0.8086,44.71,55.29
1676570400,0.8629,46.32,53.68
1676592000,0.7851,43.98,56.02
1676613600,1.0072,50.18,49.82
1676635200,1.1218,52.87,47.13
1676656800,1.035,50.86,49.14
1676678400,0.8965,47.27,52.73
1676700000,0.8779,46.75,53.25
1676721600,0.8591,46.21,53.79
1676743200,0.9109,47.67,52.33
1676764800,0.9029,47.45,52.55
1676786400,0.8801,46.81,53.19
1676808000,0.9857,49.64,50.36
1676829600,0.9128,47.72,52.28
1676851200,0.994,49.85,50.15
1676872800,1.0717,51.73,48.27
1676894400,0.9175,47.85,52.15
1676916000,0.8983,47.32,52.68
1676937600,0.9357,48.34,51.66
1676959200,0.9091,47.62,52.38
1676980800,1.0589,51.43,48.57
1677002400,1.3191,56.88,43.12
1677024000,1.4231,58.73,41.27
1677045600,1.4637,59.41,40.59
1677067200,1.5107,60.17,39.83
1677088800,1.6575,62.37,37.63
1677110400,1.6882,62.8,37.2
1677132000,1.474,59.58,40.42
1677153600,1.71,63.1,36.9
1677175200,1.6961,62.91,37.09
1677196800,1.7685,63.88,36.12
1677218400,1.6947,62.89,37.11
1677240000,1.7886,64.14,35.86
1677261600,2.0525,67.24,32.76
1677283200,2.1857,68.61,31.39
1677304800,2.1319,68.07,31.93
1677326400,2.0637,67.36,32.64
1677348000,2.075,67.48,32.52
1677369600,2.059,67.31,32.69
1677391200,2.0534,67.25,32.75
1677412800,2.0248,66.94,33.06
1677434400,2.0084,66.76,33.24
1677456000,1.8474,64.88,35.12
1677477600,1.764,63.82,36.18
1677499200,1.8289,64.65,35.35
1677520800,1.7755,63.97,36.03
1677542400,1.8169,64.5,35.5
1677564000,1.6998,62.96,37.04
1677585600,1.7847,64.09,35.91
1677607200,1.6302,61.98,38.02
1677628800,1.8514,64.93,35.07
1677650400,1.3901,58.16,41.84
1677672000,1.2941,56.41,43.59
1677693600,1.3635,57.69,42.31
1677715200,1.6504,62.27,37.73
1677736800,1.713,63.14,36.86
1677758400,1.867,65.12,34.88
1677780000,2.0111,66.79,33.21
1677801600,1.9326,65.9,34.1
1677823200,2.3267,69.94,30.06
1677844800,2.3003,69.7,30.3
1677866400,2.1716,68.47,31.53
1677888000,2.1786,68.54,31.46
1677909600,2.0998,67.74,32.26
1677931200,2.0769,67.5,32.5
1677952800,2.0731,67.46,32.54
1677974400,2.0969,67.71,32.29
1677996000,2.1447,68.2,31.8
1678017600,2.0969,67.71,32.29
1678039200,2.0066,66.74,33.26
1678060800,2.046,67.17,32.83
1678082400,2.0864,67.6,32.4
1678104000,2.0488,67.2,32.8
1678125600,1.8637,65.08,34.92
1678147200,1.97,66.33,33.67
1678168800,1.924,65.8,34.2
1678190400,2.0048,66.72,33.28
1678212000,1.9577,66.19,33.81
1678233600,2.1656,68.41,31.59
1678255200,2.1338,68.09,31.91
1678276800,1.9869,66.52,33.48
1678298400,1.93,65.87,34.13
1678320000,2.1496,68.25,31.75
1678341600,2.2541,69.27,30.73
1678363200,2.3256,69.93,30.07
1678384800,2.4459,70.98,29.02
1678406400,2.2196,68.94,31.06
1678428000,1.9789,66.43,33.57
1678449600,1.7322,63.4,36.6
1678471200,1.9665,66.29,33.71
1678492800,1.9525,66.13,33.87
1678514400,1.9438,66.03,33.97
1678536000,1.8678,65.13,34.87
1678557600,1.8417,64.81,35.19
1678579200,1.7181,63.21,36.79
1678600800,1.4988,59.98,40.02
1678622400,1.4637,59.41,40.59
1678644000,1.4679,59.48,40.52
1678665600,1.4056,58.43,41.57
1678687200,1.1983,54.51,45.49
1678708800,1.1227,52.89,47.11
1678730400,0.9482,48.67,51.33
1678752000,0.8529,46.03,53.97
1678773600,0.922,47.97,52.03
1678795200,0.904,47.48,52.52
1678816800,0.9604,48.99,51.01
1678838400,1.0149,50.37,49.63
1678860000,1.0648,51.57,48.43
1678881600,1.0479,51.17,48.83
1678903200,1.006,50.15,49.85
1678924800,1.0585,51.42,48.58
1678946400,1.0881,52.11,47.89
1678968000,1.021,50.52,49.48
1678989600,1.0165,50.41,49.59
1679011200,0.9501,48.72,51.28
1679032800,0.8477,45.88,54.12
1679054400,0.8282,45.3,54.7
1679076000,0.7575,43.1,56.9
1679097600,0.787,44.04,55.96
1679119200,0.8255,45.22,54.78
1679140800,0.8031,44.54,55.46
1679162400,0.7355,42.38,57.62
1679184000,0.7074,41.43,58.57
1679205600,0.7388,42.49,57.51
1679227200,0.7784,43.77,56.23
1679248800,0.8064,44.64,55.36
1679270400,0.7677,43.43,56.57
1679292000,0.8587,46.2,53.8
1679313600,0.6981,41.11,58.89
1679335200,0.8146,44.89,55.11
1679356800,0.7712,43.54,56.46
1679378400,0.8136,44.86,55.14
1679400000,0.7425,42.61,57.39
1679421600,0.6779,40.4,59.6
1679443200,0.7289,42.16,57.84
1679464800,0.7068,41.41,58.59
1679486400,0.7191,41.83,58.17
1679508000,0.7535,42.97,57.03
1679529600,0.8549,46.09,53.91
1679551200,0.8765,46.71,53.29
1679572800,0.7892,44.11,55.89
1679594400,0.6268,38.53,61.47
1679616000,0.7047,41.34,58.66
1679637600,0.7397,42.52,57.48
1679659200,0.8305,45.37,54.63
1679680800,0.8365,45.55,54.45
1679702400,0.9429,48.53,51.47
1679724000,0.8871,47.01,52.99
1679745600,0.919,47.89,52.11
1679767200,0.9309,48.21,51.79
1679788800,0.9361,48.35,51.65
1679810400,0.8965,47.27,52.73
1679832000,0.912,47.7,52.3
1679853600,0.879,46.78,53.22
1679875200,0.8258,45.23,54.77
1679896800,0.8515,45.99,54.01
1679918400,0.8376,45.58,54.42
1679940000,1.0816,51.96,48.04
1679961600,1.103,52.45,47.55
1679983200,1.0816,51.96,48.04
1680004800,1.0585,51.42,48.58
1680026400,1.0674,51.63,48.37
1680048000,0.9701,49.24,50.76
1680069600,0.908,47.59,52.41
1680091200,0.734,42.33,57.67
1680112800,0.7094,41.5,58.5
1680134400,0.6955,41.02,58.98
1680156000,0.7473,42.77,57.23
1680177600,0.7476,42.78,57.22
1680199200,0.8149,44.9,55.1
1680220800,0.9231,48.0,52.0
1680242400,0.9508,48.74,51.26
1680264000,0.9893,49.73,50.27
1680285600,0.7241,42.0,58.0
1680307200,0.7188,41.82,58.18
1680328800,0.7044,41.33,58.67
1680350400,0.7059,41.38,58.62
1680372000,0.7349,42.36,57.64
1680393600,0.7413,42.57,57.43
1680415200,0.7416,42.58,57.42
1680436800,0.7867,44.03,55.97
1680458400,0.89,47.09,52.91
1680480000,0.9209,47.94,52.06
1680501600,1.0538,51.31,48.69
1680523200,0.8272,45.27,54.73
1680544800,0.9312,48.22,51.78
1680566400,1.0973,52.32,47.68
1680588000,1.0938,52.24,47.76
1680609600,0.8829,46.89,53.11
1680631200,0.915,47.78,52.22
1680652800,0.8804,46.82,53.18
1680674400,0.7247,42.02,57.98
1680696000,0.7391,42.5,57.5
1680717600,1.1137,52.69,47.31
1680739200,1.0602,51.46,48.54
1680760800,1.0768,51.85,48.15
1680782400,1.2119,54.79,45.21
1680804000,1.1432,53.34,46.66
1680825600,1.1436,53.35,46.65
1680847200,1.1603,53.71,46.29
1680868800,1.2462,55.48,44.52
1680890400,1.2277,55.11,44.89
1680912000,1.2341,55.24,44.76
1680933600,1.2217,54.99,45.01
1680955200,1.1547,53.59,46.41
1680976800,1.1478,53.44,46.56
1680998400,1.2056,54.66,45.34
1681020000,1.1182,52.79,47.21
1681041600,1.2676,55.9,44.1
1681063200,1.266,55.87,44.13
1681084800,0.9033,47.46,52.54
1681106400,0.8678,46.46,53.54
1681128000,0.8685,46.48,53.52
1681149600,0.5962,37.35,62.65
1681171200,0.6044,37.67,62.33
1681192800,0.5785,36.65,63.35
1681214400,0.5941,37.27,62.73
1681236000,0.6163,38.13,61.87
1681257600,0.641,39.06,60.94
1681279200,0.6731,40.23,59.77
1681300800,0.7097,41.51,58.49
1681322400,0.7765,43.71,56.29
1681344000,0.8031,44.54,55.46
1681365600,0.7749,43.66,56.34
1681387200,0.7325,42.28,57.72
1681408800,0.6658,39.97,60.03
1681430400,0.6841,40.62,59.38
1681452000,0.7126,41.61,58.39
1681473600,0.7565,43.07,56.93
1681495200,0.8797,46.8,53.2
1681516800,0.8685,46.48,53.52
1681538400,0.8278,45.29,54.71
1681560000,0.8342,45.48,54.52
1681581600,0.8519,46.0,54.0
1681603200,0.8706,46.54,53.46
1681624800,0.8921,47.15,52.85
1681646400,0.9048,47.5,52.5
1681668000,0.9216,47.96,52.04
1681689600,0.9631,49.06,50.94
1681711200,1.0872,52.09,47.91
1681732800,1.1151,52.72,47.28
1681754400,1.2665,55.88,44.12
1681776000,1.2784,56.11,43.89
1681797600,1.3326,57.13,42.87
1681819200,1.1673,53.86,46.14
1681840800,0.9924,49.81,50.19
1681862400,0.9739,49.34,50.66
1681884000,0.998,49.95,50.05
1681905600,1.576,61.18,38.82
1681927200,1.5497,60.78,39.22
1681948800,1.5497,60.78,39.22
1681970400,1.6582,62.38,37.62
1681992000,1.6824,62.72,37.28
1682013600,1.6525,62.3,37.7
1682035200,1.8531,64.95,35.05
1682056800,1.8877,65.37,34.63
1682078400,1.7724,63.93,36.07
1682100000,1.8297,64.66,35.34
1682121600,1.7609,63.78,36.22
1682143200,1.8588,65.02,34.98
1682164800,1.8305,64.67,35.33
1682186400,2.0516,67.23,32.77
1682208000,2.0139,66.82,33.18
1682229600,1.9061,65.59,34.41
1682251200,1.9112,65.65,34.35
1682272800,1.7762,63.98,36.02
1682294400,1.7925,64.19,35.81
1682316000,1.8121,64.44,35.56
1682337600,1.9789,66.43,33.57
1682359200,1.8393,64.78,35.22
1682380800,1.8137,64.46,35.54
1682402400,1.7685,63.88,36.12
1682424000,1.7571,63.73,36.27
1682445600,1.7571,63.73,36.27
1682467200,1.4722,59.55,40.45
1682488800,1.3452,57.36,42.64
1682510400,1.2316,55.19,44.81
1682532000,0.9976,49.94,50.06
1682553600,1.3975,58.29,41.71
1682575200,1.3529,57.5,42.5
1682596800,1.2416,55.39,44.61
1682618400,1.2114,54.78,45.22
1682640000,0.935,48.32,51.68
1682661600,0.9755,49.38,50.62
1682683200,1.019,50.47,49.53
1682704800,1.0636,51.54,48.46
1682726400,1.0509,51.24,48.76
1682748000,1.0109,50.27,49.73
1682769600,1.0467,51.14,48.86
1682791200,1.079,51.9,48.1
1682812800,1.0964,52.3,47.7
1682834400,1.1299,53.05,46.95
1682856000,1.1119,52.65,47.35
1682877600,0.9654,49.12,50.88
1682899200,1.0964,52.3,47.7
1682920800,1.3987,58.31,41.69
1682942400,1.5,60.0,40.0
1682964000,1.5381,60.6,39.4
1682985600,1.6774,62.65,37.35
1683007200,1.6385,62.1,37.9
1683028800,1.681,62.7,37.3
1683050400,1.4582,59.32,40.68
1683072000,1.3116,56.74,43.26
1683093600,1.2763,56.07,43.93
1683115200,1.2758,56.06,43.94
1683136800,1.4349,58.93,41.07
1683158400,1.1566,53.63,46.37
1683180000,1.1079,52.56,47.44
1683201600,1.0429,51.05,48.95
1683223200,1.1492,53.47,46.53
1683244800,1.2065,54.68,45.32
1683266400,1.0346,50.85,49.15
1683288000,1.1505,53.5,46.5
1683309600,0.8709,46.55,53.45
1683331200,0.8498,45.94,54.06
1683352800,0.899,47.34,52.66
1683374400,0.9865,49.66,50.34
1683396000,1.5674,61.05,38.95
1683417600,1.3998,58.33,41.67
1683439200,1.3736,57.87,42.13
1683460800,1.2952,56.43,43.57
1683482400,1.2543,55.64,44.36
1683504000,1.3491,57.43,42.57
1683525600,1.6838,62.74,37.26
1683547200,1.9481,66.08,33.92
1683568800,2.0248,66.94,33.06
1683590400,2.1918,68.67,31.33
1683612000,2.0731,67.46,32.54
1683633600,2.0404,67.11,32.89
1683655200,2.0516,67.23,32.77
1683676800,2.1114,67.86,32.14
1683698400,2.0618,67.34,32.66
1683720000,2.1338,68.09,31.91
1683741600,2.046,67.17,32.83
1683763200,1.9656,66.28,33.72
1683784800,1.9265,65.83,34.17
1683806400,1.9455,66.05,33.95
1683828000,2.0075,66.75,33.25
1683849600,2.0544,67.26,32.74
1683871200,2.0312,67.01,32.99
1683892800,2.0665,67.39,32.61
1683914400,1.9797,66.44,33.56
1683936000,2.0741,67.47,32.53
1683957600,1.8944,65.45,34.55
1683979200,1.8514,64.93,35.07
1684000800,1.8082,64.39,35.61
1684022400,1.8289,64.65,35.35
1684044000,1.7594,63.76,36.24
1684065600,1.7367,63.46,36.54
1684087200,1.7793,64.02,35.98
1684108800,1.8019,64.31,35.69
1684130400,1.7226,63.27,36.73
1684152000,1.5747,61.16,38.84
1684173600,1.5934,61.44,38.56
1684195200,1.58,61.24,38.76
1684216800,1.666,62.49,37.51
1684238400,1.7655,63.84,36.16
1684260000,1.7196,63.23,36.77
1684281600,1.7218,63.26,36.74
1684303200,1.7762,63.98,36.02
1684324800,1.8409,64.8,35.2
1684346400,1.881,65.29,34.71
1684368000,1.5361,60.57,39.43
1684389600,1.3861,58.09,41.91
1684411200,1.4143,58.58,41.42
1684432800,1.9308,65.88,34.12
1684454400,2.0855,67.59,32.41
1684476000,2.0148,66.83,33.17
1684497600,1.886,65.35,34.65
1684519200,1.9291,65.86,34.14
1684540800,1.956,66.17,33.83
1684562400,1.9612,66.23,33.77
1684584000,1.963,66.25,33.75
1684605600,1.9291,65.86,34.14
1684627200,1.8345,64.72,35.28
1684648800,1.71,63.1,36.9
1684670400,1.8588,65.02,34.98
1684692000,1.8694,65.15,34.85
1684713600,1.9904,66.56,33.44
1684735200,2.1496,68.25,31.75
1684756800,1.9967,66.63,33.37
1684778400,1.9274,65.84,34.16
1684800000,1.9291,65.86,34.14
1684821600,1.3507,57.46,42.54
1684843200,1.2941,56.41,43.59
1684864800,1.3518,57.48,42.52
1684886400,1.4752,59.6,40.4
1684908000,2.1857,68.61,31.39
1684929600,2.4305,70.85,29.15
1684951200,2.5298,71.67,28.33
1684972800,2.6114,72.31,27.69
1684994400,2.4868,71.32,28.68
1685016000,2.3933,70.53,29.47
1685037600,2.268,69.4,30.6
1685059200,2.1726,68.48,31.52
1685080800,2.0713,67.44,32.56
1685102400,2.0423,67.13,32.87
1685124000,1.5927,61.43,38.57
1685145600,1.5947,61.46,38.54
1685167200,1.6553,62.34,37.66
1685188800,1.6824,62.72,37.28
1685210400,1.6582,62.38,37.62
1685232000,1.6767,62.64,37.36
1685253600,1.368,57.77,42.23
1685275200,1.2573,55.7,44.3
1685296800,1.2427,55.41,44.59
1685318400,1.2041,54.63,45.37
1685340000,1.0721,51.74,48.26
1685361600,1.0786,51.89,48.11
1685383200,1.2584,55.72,44.28
1685404800,1.368,57.77,42.23
1685426400,1.3929,58.21,41.79
1685448000,1.3804,57.99,42.01
1685469600,1.4349,58.93,41.07
1685491200,1.4402,59.02,40.98
1685512800,1.7405,63.51,36.49
1685534400,1.942,66.01,33.99
1685556000,2.1807,68.56,31.44
1685577600,2.2808,69.52,30.48
1685599200,2.4638,71.13,28.87
1685620800,2.4176,70.74,29.26
1685642400,2.3944,70.54,29.46
1685664000,2.3979,70.57,29.43
1685685600,2.3659,70.29,29.71
1685707200,2.1636,68.39,31.61
1685728800,2.1786,68.54,31.46
1685750400,2.0497,67.21,32.79
1685772000,2.0021,66.69,33.31
1685793600,2.023,66.92,33.08
1685815200,1.9647,66.27,33.73
1685836800,2.0257,66.95,33.05
1685858400,2.0451,67.16,32.84
1685880000,1.9206,65.76,34.24
1685901600,1.8281,64.64,35.36
1685923200,1.9036,65.56,34.44
1685944800,2.2258,69.0,31.0
1685966400,2.4746,71.22,28.78
1685988000,2.8183,73.81,26.19
1686009600,3.2212,76.31,23.69
1686031200,3.1203,75.73,24.27
1686052800,2.8745,74.19,25.81
1686074400,2.1776,68.53,31.47
1686096000,1.5967,61.49,38.51
1686117600,1.4361,58.95,41.05
1686139200,1.7832,64.07,35.93
1686160800,1.9718,66.35,33.65
1686182400,2.0066,66.74,33.26
1686204000,2.0003,66.67,33.33
1686225600,2.1616,68.37,31.63
1686247200,2.1576,68.33,31.67
1686268800,2.0912,67.65,32.35
1686290400,2.0021,66.69,33.31
1686312000,1.845,64.85,35.15
1686333600,1.9351,65.93,34.07
1686355200,1.9869,66.52,33.48
1686376800,2.3875,70.48,29.52
1686398400,2.7369,73.24,26.76
1686420000,2.7951,73.65,26.35
1686441600,2.775,73.51,26.49
1686463200,2.6941,72.93,27.07
1686484800,2.6617,72.69,27.31
1686506400,2.6088,72.29,27.71
1686528000,2.3267,69.94,30.06
1686549600,2.2808,69.52,30.48
1686571200,2.1878,68.63,31.37
1686592800,2.4083,70.66,29.34
1686614400,2.3146,69.83,30.17
1686636000,2.1556,68.31,31.69
1686657600,1.9904,66.56,33.44
1686679200,2.2552,69.28,30.72
1686700800,2.3389,70.05,29.95
1686722400,2.2394,69.13,30.87
1686744000,2.2279,69.02,30.98
1686765600,2.1969,68.72,31.28
1686787200,3.0371,75.23,24.77
1686808800,3.1102,75.67,24.33
1686830400,3.1271,75.77,24.23
1686852000,3.1876,76.12,23.88
1686873600,2.33,69.97,30.03
1686895200,2.198,68.73,31.27
1686916800,2.0084,66.76,33.24
1686938400,1.7071,63.06,36.94
1686960000,1.3057,56.63,43.37
1686981600,1.3815,58.01,41.99
1687003200,1.2763,56.07,43.93
1687024800,1.3496,57.44,42.56
1687046400,1.4096,58.5,41.5
1687068000,1.4079,58.47,41.53
1687089600,1.3736,57.87,42.13
1687111200,1.3234,56.96,43.04
1687132800,1.3063,56.64,43.36
1687154400,1.3691,57.79,42.21
1687176000,1.3507,57.46,42.54
1687197600,1.2779,56.1,43.9
1687219200,1.2707,55.96,44.04
1687240800,1.1395,53.26,46.74
1687262400,1.1891,54.32,45.68
1687284000,0.9497,48.71,51.29
1687305600,0.809,44.72,55.28
1687327200,0.8508,45.97,54.03
1687348800,0.7873,44.05,55.95
1687370400,0.796,44.32,55.68
1687392000,0.7816,43.87,56.13
1687413600,0.8222,45.12,54.88
1687435200,0.768,43.44,56.56
1687456800,0.7709,43.53,56.47
1687478400,0.7167,41.75,58.25
1687500000,0.7322,42.27,57.73
1687521600,0.786,44.01,55.99
1687543200,0.7816,43.87,56.13
1687564800,0.7696,43.49,56.51
1687586400,0.8159,44.93,55.07
1687608000,0.8443,45.78,54.22
1687629600,0.8396,45.64,54.36
1687651200,0.8423,45.72,54.28
1687672800,0.8406,45.67,54.33
1687694400,0.8706,46.54,53.46
1687716000,0.9011,47.4,52.6
1687737600,0.9354,48.33,51.67
1687759200,0.9062,47.54,52.46
1687780800,0.9798,49.49,50.51
1687802400,1.0375,50.92,49.08
1687824000,1.0247,50.61,49.39
1687845600,0.9616,49.02,50.98
1687867200,0.955,48.85,51.15
1687888800,0.9354,48.33,51.67
1687910400,0.9194,47.9,52.1
1687932000,0.9535,48.81,51.19
1687953600,1.0479,51.17,48.83
1687975200,1.1191,52.81,47.19
1687996800,1.1151,52.72,47.28
1688018400,1.1259,52.96,47.04
1688040000,0.915,47.78,52.22
1688061600,0.8815,46.85,53.15
1688083200,0.8997,47.36,52.64
1688104800,0.8625,46.31,53.69
1688126400,0.8986,47.33,52.67
1688148000,1.1133,52.68,47.32
1688169600,1.0929,52.22,47.78
1688191200,1.073,51.76,48.24
1688212800,1.0773,51.86,48.14
1688234400,1.0109,50.27,49.73
1688256000,0.9968,49.92,50.08
1688277600,0.9763,49.4,50.6
1688299200,1.0068,50.17,49.83
1688320800,0.9853,49.63,50.37
1688342400,0.9861,49.65,50.35
1688364000,0.932,48.24,51.76
1688385600,0.965,49.11,50.89
1688407200,0.7489,42.82,57.18
1688428800,0.759,43.15,56.85
1688450400,0.7501,42.86,57.14
1688472000,0.8218,45.11,54.89
1688493600,0.8474,45.87,54.13
1688515200,0.9234,48.01,51.99
1688536800,0.9387,48.42,51.58
1688558400,1.0117,50.29,49.71
1688580000,1.1331,53.12,46.88
1688601600,1.0986,52.35,47.65
1688623200,1.0951,52.27,47.73
1688644800,0.7677,43.43,56.57
1688666400,1.291,56.35,43.65
1688688000,1.3111,56.73,43.27
1688709600,1.4284,58.82,41.18
1688731200,1.4408,59.03,40.97
1688752800,1.2462,55.48,44.52
1688774400,1.2769,56.08,43.92
1688796000,1.2717,55.98,44.02
1688817600,1.292,56.37,43.63
1688839200,1.3121,56.75,43.25
1688860800,1.3223,56.94,43.06
1688882400,1.2432,55.42,44.58
1688904000,1.2528,55.61,44.39
1688925600,1.265,55.85,44.15
1688947200,1.337,57.21,42.79
1688968800,1.3849,58.07,41.93
1688990400,1.4266,58.79,41.21
1689012000,1.2889,56.31,43.69
1689033600,1.0794,51.91,48.09
1689055200,1.0496,51.21,48.79
1689076800,1.1061,52.52,47.48
1689098400,0.9728,49.31,50.69
1689120000,0.9798,49.49,50.51
1689141600,0.9708,49.26,50.74
1689163200,0.9275,48.12,51.88
1689184800,1.0786,51.89,48.11
1689206400,1.2401,55.36,44.64
1689228000,1.3057,56.63,43.37
1689249600,1.2007,54.56,45.44
1689271200,0.8139,44.87,55.13
1689292800,0.7781,43.76,56.24
1689314400,0.7253,42.04,57.96
1689336000,0.8185,45.01,54.99
1689357600,0.9387,48.42,51.58
1689379200,1.6518,62.29,37.71
1689400800,1.613,61.73,38.27
1689422400,1.6281,61.95,38.05
1689444000,1.5767,61.19,38.81
1689465600,1.5873,61.35,38.65
1689487200,1.6151,61.76,38.24
1689508800,1.6164,61.78,38.22
1689530400,1.5913,61.41,38.59
1689552000,1.5974,61.5,38.5
1689573600,1.6281,61.95,38.05
1689595200,1.7181,63.21,36.79
1689616800,1.7108,63.11,36.89
1689638400,1.7709,63.91,36.09
1689660000,1.748,63.61,36.39
1689681600,1.7655,63.84,36.16
1689703200,1.9095,65.63,34.37
1689724800,1.896,65.47,34.53
1689746400,1.8604,65.04,34.96
1689768000,1.7793,64.02,35.98
1689789600,1.8458,64.86,35.14
1689811200,1.8629,65.07,34.93
1689832800,1.7785,64.01,35.99
1689854400,1.4907,59.85,40.15
1689876000,2.0451,67.16,32.84
1689897600,2.1027,67.77,32.23
1689919200,2.0294,66.99,33.01
1689940800,2.0211,66.9,33.1
1689962400,1.9053,65.58,34.42
1689984000,1.8114,64.43,35.57
1690005600,1.7956,64.23,35.77
1690027200,1.7495,63.63,36.37
1690048800,1.791,64.17,35.83
1690070400,1.8466,64.87,35.13
1690092000,1.7693,63.89,36.11
1690113600,1.7203,63.24,36.76
1690135200,1.6961,62.91,37.09
1690156800,1.51,60.16,39.84
1690178400,1.9507,66.11,33.89
1690200000,2.0516,67.23,32.77
1690221600,2.0836,67.57,32.43
1690243200,2.1556,68.31,31.69
1690264800,2.0998,67.74,32.26
1690286400,2.0488,67.2,32.8
1690308000,1.9789,66.43,33.57
1690329600,1.9481,66.08,33.92
1690351200,1.9138,65.68,34.32
1690372800,1.8994,65.51,34.49
1690394400,1.7571,63.73,36.27
1690416000,1.5484,60.76,39.24
1690437600,1.5621,60.97,39.03
1690459200,1.5013,60.02,39.98
1690480800,1.5491,60.77,39.23
1690502400,1.6795,62.68,37.32
1690524000,1.6448,62.19,37.81
1690545600,1.6838,62.74,37.26
1690567200,1.4661,59.45,40.55
1690588800,1.505,60.08,39.92
1690610400,1.482,59.71,40.29
1690632000,1.5297,60.47,39.53
1690653600,1.576,61.18,38.82
1690675200,1.5562,60.88,39.12
1690696800,1.5374,60.59,39.41
1690718400,1.5887,61.37,38.63
1690740000,1.5132,60.21,39.79
1690761600,1.6392,62.11,37.89
1690783200,1.4355,58.94,41.06
1690804800,1.4894,59.83,40.17
1690826400,1.7218,63.26,36.74
1690848000,1.8466,64.87,35.13
1690869600,2.0798,67.53,32.47
1690891200,2.0788,67.52,32.48
1690912800,2.1124,67.87,32.13
1690934400,1.694,62.88,37.12
1690956000,1.3079,56.67,43.33
1690977600,1.4956,59.93,40.07
1690999200,1.9087,65.62,34.38
1691020800,1.9994,66.66,33.34
1691042400,2.0057,66.73,33.27
1691064000,2.0266,66.96,33.04
1691085600,1.9189,65.74,34.26
1691107200,1.8935,65.44,34.56
1691128800,1.9377,65.96,34.04
1691150400,1.9595,66.21,33.79
1691172000,1.8868,65.36,34.64
1691193600,2.1776,68.53,31.47
1691215200,2.1486,68.24,31.76
1691236800,2.1586,68.34,31.66
1691258400,2.1797,68.55,31.45
1691280000,2.1676,68.43,31.57
1691301600,2.1939,68.69,31.31
1691323200,2.2123,68.87,31.13
1691344800,2.1807,68.56,31.44
1691366400,2.1338,68.09,31.91
1691388000,2.075,67.48,32.52
1691409600,2.1348,68.1,31.9
1691431200,2.3167,69.85,30.15
1691452800,2.0111,66.79,33.21
1691474400,1.8843,65.33,34.67
1691496000,1.7211,63.25,36.75
1691517600,1.2252,55.06,44.94
1691539200,1.0338,50.83,49.17
1691560800,1.0521,51.27,48.73
1691582400,1.1039,52.47,47.53
1691604000,1.2267,55.09,44.91
1691625600,1.4004,58.34,41.66
1691647200,1.3646,57.71,42.29
1691668800,1.4213,58.7,41.3
1691690400,1.5988,61.52,38.48
1691712000,1.6434,62.17,37.83
1691733600,1.7122,63.13,36.87
1691755200,1.7724,63.93,36.07
1691776800,1.8161,64.49,35.51
1691798400,1.8241,64.59,35.41
1691820000,1.8098,64.41,35.59
1691841600,1.845,64.85,35.15
1691863200,1.8209,64.55,35.45
1691884800,1.8604,65.04,34.96
1691906400,1.9053,65.58,34.42
1691928000,1.9369,65.95,34.05
1691949600,1.9797,66.44,33.56
1691971200,1.9797,66.44,33.56
1691992800,1.9718,66.35,33.65
1692014400,1.9206,65.76,34.24
1692036000,1.6575,62.37,37.63
1692057600,1.9308,65.88,34.12
1692079200,1.8944,65.45,34.55
1692100800,1.9053,65.58,34.42
1692122400,2.0221,66.91,33.09
1692144000,2.1888,68.64,31.36
1692165600,2.1756,68.51,31.49
1692187200,2.2165,68.91,31.09
1692208800,2.2258,69.0,31.0
1692230400,2.3921,70.52,29.48
1692252000,2.6536,72.63,27.37
1692273600,2.5791,72.06,27.94
1692295200,2.7994,73.68,26.32
1692316800,2.2352,69.09,30.91
1692338400,2.1153,67.9,32.1
1692360000,2.1486,68.24,31.76
1692381600,2.0193,66.88,33.12
1692403200,2.1596,68.35,31.65
1692424800,2.1878,68.63,31.37
1692446400,2.2446,69.18,30.82
1692468000,2.5236,71.62,28.38
1692489600,2.5149,71.55,28.45
1692511200,2.5651,71.95,28.05
1692532800,2.5486,71.82,28.18
1692554400,2.5499,71.83,28.17
1692576000,2.51,71.51,28.49
1692597600,2.5689,71.98,28.02
1692619200,2.4904,71.35,28.65
1692640800,2.3921,70.52,29.48
1692662400,2.2331,69.07,30.93
1692684000,2.3025,69.72,30.28
1692705600,2.3478,70.13,29.87
1692727200,2.4831,71.29,28.71
1692748800,2.4807,71.27,28.73
1692770400,2.3201,69.88,30.12
1692792000,2.3512,70.16,29.84
1692813600,2.0817,67.55,32.45
1692835200,1.9691,66.32,33.68
1692856800,1.9753,66.39,33.61
1692878400,1.9869,66.52,33.48
1692900000,2.3761,70.38,29.62
1692921600,2.4819,71.28,28.72
1692943200,2.3864,70.47,29.53
1692964800,2.3146,69.83,30.17
1692986400,2.4638,71.13,28.87
1693008000,2.3795,70.41,29.59
1693029600,2.2982,69.68,30.32
1693051200,2.3058,69.75,30.25
1693072800,2.3025,69.72,30.28
1693094400,2.3344,70.01,29.99
1693116000,2.3445,70.1,29.9
1693137600,2.2938,69.64,30.36
1693159200,2.2798,69.51,30.49
1693180800,2.3201,69.88,30.12
1693202400,2.4364,70.9,29.1
1693224000,2.5398,71.75,28.25
1693245600,2.199,68.74,31.26
1693267200,2.3411,70.07,29.93
1693288800,2.2949,69.65,30.35
1693310400,2.5997,72.22,27.78
1693332000,1.2104,54.76,45.24
1693353600,1.181,54.15,45.85
1693375200,1.2852,56.24,43.76
1693396800,1.3889,58.14,41.86
1693418400,1.4594,59.34,40.66
1693440000,1.5038,60.06,39.94
1693461600,1.5056,60.09,39.91
1693483200,1.6254,61.91,38.09
1693504800,2.0321,67.02,32.98
1693526400,2.2415,69.15,30.85
1693548000,2.3378,70.04,29.96
1693569600,2.375,70.37,29.63
1693591200,2.3761,70.38,29.62
1693612800,2.4423,70.95,29.05
1693634400,2.4014,70.6,29.4
1693656000,2.3738,70.36,29.64
1693677600,2.2798,69.51,30.49
1693699200,2.3278,69.95,30.05
1693720800,2.3333,70.0,30.0
1693742400,2.2765,69.48,30.52
1693764000,2.2342,69.08,30.92
1693785600,2.2468,69.2,30.8
1693807200,2.2031,68.78,31.22
1693828800,2.2733,69.45,30.55
1693850400,2.3245,69.92,30.08
1693872000,2.3852,70.46,29.54
1693893600,2.4106,70.68,29.32
1693915200,2.3704,70.33,29.67
1693936800,2.4578,71.08,28.92
1693958400,2.4686,71.17,28.83
1693980000,2.4141,70.71,29.29
1694001600,2.4698,71.18,28.82
1694023200,2.5945,72.18,27.82
1694044800,2.6075,72.28,27.72
1694066400,2.488,71.33,28.67
1694088000,2.4412,70.94,29.06
1694109600,2.3124,69.81,30.19
1694131200,1.9913,66.57,33.43
1694152800,1.7693,63.89,36.11
1694174400,2.0703,67.43,32.57
1694196000,2.1153,67.9,32.1
1694217600,2.0807,67.54,32.46
1694239200,2.0303,67.0,33.0
1694260800,2.0312,67.01,32.99
1694282400,1.994,66.6,33.4
1694304000,1.9958,66.62,33.38
1694325600,2.0386,67.09,32.91
1694347200,2.0432,67.14,32.86
1694368800,2.0979,67.72,32.28
1694390400,2.1417,68.17,31.83
1694412000,2.2092,68.84,31.16
1694433600,2.2352,69.09,30.91
1694455200,2.6062,72.27,27.73
1694476800,2.6075,72.28,27.72
1694498400,2.1368,68.12,31.88
1694520000,1.7473,63.6,36.4
1694541600,1.6001,61.54,38.46
1694563200,1.7086,63.08,36.92
1694584800,1.7871,64.12,35.88
1694606400,1.6717,62.57,37.43
1694628000,1.4546,59.26,40.74
1694649600,1.4355,58.94,41.06
1694671200,1.4845,59.75,40.25
1694692800,1.4337,58.91,41.09
1694714400,1.2763,56.07,43.93
1694736000,1.2691,55.93,44.07
1694757600,1.2915,56.36,43.64
1694779200,1.2904,56.34,43.66
1694800800,1.3889,58.14,41.86
1694822400,1.3485,57.42,42.58
1694844000,1.3736,57.87,42.13
1694865600,1.4522,59.22,40.78
1694887200,1.4313,58.87,41.13
1694908800,1.4414,59.04,40.96
1694930400,1.3981,58.3,41.7
1694952000,1.3624,57.67,42.33
1694973600,1.3787,57.96,42.04
1694995200,1.3992,58.32,41.68
1695016800,1.3646,57.71,42.29
1695038400,1.1304,53.06,46.94
1695060000,1.1177,52.78,47.22
1695081600,1.2763,56.07,43.93
1695103200,1.3585,57.6,42.4
1695124800,1.2056,54.66,45.34
1695146400,1.1128,52.67,47.33
1695168000,1.2031,54.61,45.39
1695189600,1.3004,56.53,43.47
1695211200,1.3946,58.24,41.76
1695232800,1.3245,56.98,43.02
1695254400,1.3657,57.73,42.27
1695276000,1.3641,57.7,42.3
1695297600,1.5329,60.52,39.48
1695319200,1.751,63.65,36.35
1695340800,1.7005,62.97,37.03
1695362400,1.7122,63.13,36.87
1695384000,1.7012,62.98,37.02
1695405600,1.6667,62.5,37.5
1695427200,1.7122,63.13,36.87
1695448800,1.7586,63.75,36.25
1695470400,1.751,63.65,36.35
1695492000,1.7503,63.64,36.36
1695513600,1.7647,63.83,36.17
1695535200,1.7655,63.84,36.16
1695556800,1.7442,63.56,36.44
1695578400,1.745,63.57,36.43
1695600000,1.8074,64.38,35.62
1695621600,1.9343,65.92,34.08
1695643200,2.0581,67.3,32.7
1695664800,1.8944,65.45,34.55
1695686400,1.8377,64.76,35.24
1695708000,1.8019,64.31,35.69
1695729600,1.8345,64.72,35.28
1695751200,1.8785,65.26,34.74
1695772800,1.9189,65.74,34.26
1695794400,1.876,65.23,34.77
1695816000,1.5826,61.28,38.72
1695837600,1.7601,63.77,36.23
1695859200,1.8161,64.49,35.51
1695880800,1.7056,63.04,36.96
1695902400,1.6178,61.8,38.2
1695924000,1.0259,50.64,49.36
1695945600,0.9912,49.78,50.22
1695967200,1.0636,51.54,48.46
1695988800,1.1044,52.48,47.52
1696010400,1.2391,55.34,44.66
1696032000,1.2482,55.52,44.48
1696053600,1.2462,55.48,44.52
1696075200,1.2568,55.69,44.31
1696096800,1.2462,55.48,44.52
1696118400,1.2371,55.3,44.7
1696140000,1.2376,55.31,44.69
1696161600,1.2002,54.55,45.45
1696183200,1.1552,53.6,46.4
1696204800,1.0851,52.04,47.96
1696226400,0.9395,48.44,51.56
1696248000,0.8546,46.08,53.92
1696269600,0.8818,46.86,53.14
1696291200,1.1101,52.61,47.39
1696312800,1.2232,55.02,44.98
1696334400,1.2467,55.49,44.51
1696356000,1.3747,57.89,42.11
1696377600,1.4284,58.82,41.18
1696399200,1.451,59.2,40.8
1696420800,1.4963,59.94,40.06
1696442400,1.4697,59.51,40.49
1696464000,1.3436,57.33,42.67
1696485600,1.3121,56.75,43.25
1696507200,1.3207,56.91,43.09
1696528800,1.3332,57.14,42.86
1696550400,1.3883,58.13,41.87
1696572000,1.3849,58.07,41.93
1696593600,1.28,56.14,43.86
1696615200,1.0032,50.08,49.92
1696636800,0.926,48.08,51.92
1696658400,0.9459,48.61,51.39
1696680000,0.9482,48.67,51.33
1696701600,0.955,48.85,51.15
1696723200,0.955,48.85,51.15
1696744800,0.9654,49.12,50.88
1696766400,1.0084,50.21,49.79
1696788000,1.0227,50.56,49.44
1696809600,1.0317,50.78,49.22
1696831200,1.0222,50.55,49.45
1696852800,1.2512,55.58,44.42
1696874400,1.3708,57.82,42.18
1696896000,1.2753,56.05,43.95
1696917600,1.2321,55.2,44.8
1696939200,1.2046,54.64,45.36
1696960800,1.4728,59.56,40.44
1696982400,1.5151,60.24,39.76
1697004000,1.7793,64.02,35.98
1697025600,1.656,62.35,37.65
1697047200,1.97,66.33,33.67
1697068800,2.123,67.98,32.02
1697090400,1.9438,66.03,33.97
1697112000,1.8321,64.69,35.31
1697133600,1.8868,65.36,34.64
1697155200,1.8555,64.98,35.02
1697176800,1.8249,64.6,35.4
1697198400,1.8106,64.42,35.58
1697220000,1.8249,64.6,35.4
1697241600,1.8257,64.61,35.39
1697263200,1.777,63.99,36.01
1697284800,1.7933,64.2,35.8
1697306400,1.784,64.08,35.92
1697328000,1.8249,64.6,35.4
1697349600,1.8019,64.31,35.69
1697371200,1.8121,64.44,35.56
1697392800,1.7442,63.56,36.44
1697414400,1.5381,60.6,39.4
1697436000,1.2119,54.79,45.21
1697457600,1.0551,51.34,48.66
1697479200,1.2462,55.48,44.52
1697500800,1.1277,53.0,47.0
1697522400,1.1173,52.77,47.23
1697544000,1.0433,51.06,48.94
1697565600,0.9826,49.56,50.44
1697587200,0.972,49.29,50.71
1697608800,0.9916,49.79,50.21
1697630400,1.0881,52.11,47.89
1697652000,1.0938,52.24,47.76
1697673600,1.1277,53.0,47.0
1697695200,1.1381,53.23,46.77
1697716800,1.0777,51.87,48.13
1697738400,0.9301,48.19,51.81
1697760000,0.908,47.59,52.41
1697781600,0.7986,44.4,55.6
1697803200,0.6827,40.57,59.43
1697824800,0.7507,42.88,57.12
1697846400,0.769,43.47,56.53
1697868000,0.7483,42.8,57.2
1697889600,0.7413,42.57,57.43
1697911200,0.7206,41.88,58.12
1697932800,0.6804,40.49,59.51
1697954400,0.7112,41.56,58.44
1697976000,0.6941,40.97,59.03
1697997600,0.7097,41.51,58.49
1698019200,0.7138,41.65,58.35
1698040800,0.6573,39.66,60.34
1698062400,0.6689,40.08,59.92
1698084000,0.6442,39.18,60.82
1698105600,0.9106,47.66,52.34
1698127200,0.7966,44.34,55.66
1698148800,0.8744,46.65,53.35
1698170400,0.7995,44.43,55.57
1698192000,0.866,46.41,53.59
1698213600,0.8975,47.3,52.7
1698256800,0.8132,44.85,55.15
1698278400,0.7986,44.4,55.6
1698300000,0.7709,43.53,56.47
1698321600,0.8598,46.23,53.77
1698343200,0.885,46.95,53.05
1698364800,0.9095,47.63,52.37
1698386400,0.8936,47.19,52.81
1698408000,0.9026,47.44,52.56
1698429600,0.9627,49.05,50.95
1698451200,0.9581,48.93,51.07
1698472800,0.9327,48.26,51.74
1698494400,0.9562,48.88,51.12
1698516000,0.9658,49.13,50.87
1698537600,0.9608,49.0,51.0
1698559200,0.981,49.52,50.48
1698580800,0.9109,47.67,52.33
1698602400,0.8612,46.27,53.73
1698624000,0.8491,45.92,54.08
1698645600,0.944,48.56,51.44
1698667200,0.9264,48.09,51.91
1698688800,1.0,50.0,50.0
1698710400,0.9916,49.79,50.21
1698732000,1.0768,51.85,48.15
1698753600,0.9877,49.69,50.31
1698775200,0.9724,49.3,50.7
1698796800,0.8879,47.03,52.97
1698818400,0.8943,47.21,52.79
1698840000,0.9562,48.88,51.12
1698861600,1.0296,50.73,49.27
1698883200,0.8169,44.96,55.04
1698904800,0.8512,45.98,54.02
1698926400,0.9161,47.81,52.19
1698948000,1.0708,51.71,48.29
1698969600,0.9869,49.67,50.33
1698991200,1.0614,51.49,48.51
1699012800,1.1725,53.97,46.03
1699034400,1.0589,51.43,48.57
1699056000,1.0509,51.24,48.76
1699077600,0.9861,49.65,50.35
1699099200,0.9782,49.45,50.55
1699120800,0.9728,49.31,50.69
1699142400,0.8882,47.04,52.96
1699164000,0.8501,45.95,54.05
1699185600,0.8619,46.29,53.71
1699207200,0.8713,46.56,53.44
1699228800,0.8688,46.49,53.51
1699250400,0.9246,48.04,51.96
1699272000,0.8179,44.99,55.01
1699293600,0.8957,47.25,52.75
1699315200,0.9131,47.73,52.27
1699336800,0.9736,49.33,50.67
1699358400,1.1044,52.48,47.52
1699380000,1.064,51.55,48.45
1699401600,0.7556,43.04,56.96
1699423200,0.7819,43.88,56.12
1699444800,0.8457,45.82,54.18
1699466400,0.8871,47.01,52.99
1699488000,0.7612,43.22,56.78
1699509600,0.7109,41.55,58.45
1699531200,0.7047,41.34,58.66
1699552800,0.9399,48.45,51.55
1699574400,0.9996,49.99,50.01
1699596000,1.0387,50.95,49.05
1699617600,0.9928,49.82,50.18
1699639200,0.9253,48.06,51.94
1699660800,0.9238,48.02,51.98
1699682400,0.9623,49.04,50.96
1699704000,0.992,49.8,50.2
1699725600,1.0072,50.18,49.82
1699747200,0.9814,49.53,50.47
1699768800,0.9771,49.42,50.58
1699790400,0.9539,48.82,51.18
1699812000,0.9395,48.44,51.56
1699833600,0.9771,49.42,50.58
1699855200,1.0471,51.15,48.85
1699876800,1.0648,51.57,48.43
1699898400,1.0781,51.88,48.12
1699920000,1.0903,52.16,47.84
1699941600,1.1164,52.75,47.25
1699963200,1.158,53.66,46.34
1699984800,1.1772,54.07,45.93
1700006400,1.31,56.71,43.29
1700028000,1.3191,56.88,43.12
1700049600,1.1829,54.19,45.81
1700071200,1.0717,51.73,48.27
1700092800,0.8113,44.79,55.21
1700114400,0.7915,44.18,55.82
1700136000,0.8413,45.69,54.31
1700157600,1.0881,52.11,47.89
1700179200,1.3849,58.07,41.93
1700200800,1.3229,56.95,43.05
1700222400,1.2336,55.23,44.77
1700244000,1.2331,55.22,44.78
1700265600,1.2124,54.8,45.2
1700287200,1.2119,54.79,45.21
1700308800,1.181,54.15,45.85
1700330400,1.0982,52.34,47.66
1700352000,1.1169,52.76,47.24
1700373600,1.1358,53.18,46.82
1700395200,1.1584,53.67,46.33
1700416800,1.1354,53.17,46.83
1700438400,0.9402,48.46,51.54
1700460000,0.9051,47.51,52.49
1700481600,0.944,48.56,51.44
1700503200,0.8737,46.63,53.37
1700524800,0.8349,45.5,54.5
1700546400,0.8292,45.33,54.67
1700568000,0.8543,46.07,53.93
1700589600,0.9539,48.82,51.18
1700611200,1.0683,51.65,48.35
1700632800,1.1801,54.13,45.87
1700654400,1.064,51.55,48.45
1700676000,1.0559,51.36,48.64
1700697600,0.7756,43.68,56.32
1700719200,0.7803,43.83,56.17
1700740800,0.7854,43.99,56.01
1700762400,0.8779,46.75,53.25
1700784000,0.8392,45.63,54.37
1700805600,0.8262,45.24,54.76
1700827200,0.7227,41.95,58.05
1700848800,0.7538,42.98,57.02
1700870400,0.7768,43.72,56.28
1700892000,0.7899,44.13,55.87
1700913600,0.806,44.63,55.37
1700935200,0.8272,45.27,54.73
1700956800,0.8162,44.94,55.06
1700978400,0.8225,45.13,54.87
1701000000,0.8505,45.96,54.04
1701021600,0.9739,49.34,50.66
1701043200,0.9743,49.35,50.65
1701064800,1.0052,50.13,49.87
1701086400,1.096,52.29,47.71
1701108000,1.1612,53.73,46.27
1701129600,1.2046,54.64,45.36
1701151200,1.1445,53.37,46.63
1701172800,1.1427,53.33,46.67
1701194400,0.7699,43.5,56.5
1701216000,0.6793,40.45,59.55
1701237600,0.6964,41.05,58.95
1701259200,0.6598,39.75,60.25
1701280800,0.7902,44.14,55.86
1701302400,0.8077,44.68,55.32
1701324000,0.7892,44.11,55.89
1701345600,0.9109,47.67,52.33
1701367200,0.955,48.85,51.15
1701388800,0.9305,48.2,51.8
1701410400,0.7599,43.18,56.82
1701432000,0.608,37.81,62.19
1701453600,0.6129,38.0,62.0
1701475200,0.5929,37.22,62.78
1701496800,0.6132,38.01,61.99
1701518400,0.6348,38.83,61.17
1701540000,0.6407,39.05,60.95
1701561600,0.6625,39.85,60.15
1701583200,0.6714,40.17,59.83
1701604800,0.6964,41.05,58.95
1701626400,0.7053,41.36,58.64
1701648000,0.7001,41.18,58.82
1701669600,0.7352,42.37,57.63
1701691200,0.6714,40.17,59.83
1701712800,0.66,39.76,60.24
1701734400,0.7126,41.61,58.39
1701756000,0.7167,41.75,58.25
1701777600,0.7153,41.7,58.3
1701799200,0.7806,43.84,56.16
1701820800,0.7851,43.98,56.02
1701842400,0.8005,44.46,55.54
1701864000,0.9209,47.94,52.06
1701885600,0.8896,47.08,52.92
1701907200,0.9022,47.43,52.57
1701928800,0.8896,47.08,52.92
1701950400,0.9257,48.07,51.93
1701972000,0.9623,49.04,50.96
1701993600,1.0227,50.56,49.44
1702015200,1.0288,50.71,49.29
1702036800,1.008,50.2,49.8
1702058400,0.9643,49.09,50.91
1702080000,0.9062,47.54,52.46
1702101600,0.9562,48.88,51.12
1702123200,1.0309,50.76,49.24
1702144800,0.9794,49.48,50.52
1702166400,0.9685,49.2,50.8
1702188000,0.9829,49.57,50.43
1702209600,1.064,51.55,48.45
1702231200,0.9976,49.94,50.06
1702252800,1.0653,51.58,48.42
1702274400,1.089,52.13,47.87
1702296000,1.079,51.9,48.1
1702317600,1.1304,53.06,46.94
1702339200,1.3474,57.4,42.6
1702360800,1.2836,56.21,43.79
1702382400,1.2589,55.73,44.27
1702404000,1.2712,55.97,44.03
1702425600,1.4331,58.9,41.1
1702447200,1.4432,59.07,40.93
1702468800,1.3321,57.12,42.88
1702490400,1.2533,55.62,44.38
1702512000,1.1151,52.72,47.28
1702533600,1.1066,52.53,47.47
1702555200,1.134,53.14,46.86
1702576800,1.0743,51.79,48.21
1702598400,1.082,51.97,48.03
1702620000,1.03,50.74,49.26
1702641600,1.0563,51.37,48.63
1702663200,1.3068,56.65,43.35
1702684800,1.2852,56.24,43.76
1702706400,1.2391,55.34,44.66
1702728000,1.2691,55.93,44.07
1702749600,1.2302,55.16,44.84
1702771200,1.2297,55.15,44.85
1702792800,1.3159,56.82,43.18
1702814400,1.4149,58.59,41.41
1702836000,1.3414,57.29,42.71
1702857600,1.3702,57.81,42.19
1702879200,1.5082,60.13,39.87
1702900800,1.5374,60.59,39.41
1702922400,1.4284,58.82,41.18
1702944000,1.1825,54.18,45.82
1702965600,1.0288,50.71,49.29
1702987200,0.9728,49.31,50.69
1703008800,1.1363,53.19,46.81
1703030400,1.2396,55.35,44.65
1703052000,1.2578,55.71,44.29
1703073600,1.1538,53.57,46.43
1703095200,0.8522,46.01,53.99
1703116800,0.8765,46.71,53.29
1703138400,0.9249,48.05,51.95
1703160000,0.9631,49.06,50.94
1703181600,0.9444,48.57,51.43
1703203200,0.9305,48.2,51.8
1703224800,0.8804,46.82,53.18
1703246400,1.0433,51.06,48.94
1703268000,1.0555,51.35,48.65
1703289600,1.0263,50.65,49.35
1703311200,1.1008,52.4,47.6
1703332800,1.0781,51.88,48.12
1703354400,1.0383,50.94,49.06
1703376000,1.0342,50.84,49.16
1703397600,1.0803,51.93,48.07
1703419200,1.1142,52.7,47.3
1703440800,1.0665,51.61,48.39
1703462400,1.1354,53.17,46.83
1703484000,1.2452,55.46,44.54
1703505600,1.208,54.71,45.29
1703527200,1.1381,53.23,46.77
1703548800,1.1418,53.31,46.69
1703570400,1.3747,57.89,42.11
1703592000,1.5694,61.08,38.92
1703613600,1.6008,61.55,38.45
1703635200,1.6525,62.3,37.7
1703656800,1.576,61.18,38.82
1703678400,1.3502,57.45,42.55
1703700000,1.3878,58.12,41.88
1703721600,1.2573,55.7,44.3
1703743200,1.2041,54.63,45.37
1703764800,1.3256,57.0,43.0
1703786400,1.5019,60.03,39.97
1703808000,1.5517,60.81,39.19
1703829600,1.4963,59.94,40.06
1703851200,1.5221,60.35,39.65
1703872800,1.7563,63.72,36.28
1703894400,1.8852,65.34,34.66
1703916000,1.8043,64.34,35.66
1703937600,1.8098,64.41,35.59
1703959200,1.4516,59.21,40.79
1703980800,1.4438,59.08,40.92
1704002400,1.4552,59.27,40.73
1704024000,1.3714,57.83,42.17
1704045600,1.4278,58.81,41.19
1704067200,1.5069,60.11,39.89
1704088800,1.5063,60.1,39.9
1704110400,1.3015,56.55,43.45
1704132000,1.2533,55.62,44.38
1704153600,1.0829,51.99,48.01
1704175200,0.9146,47.77,52.23
1704196800,0.9286,48.15,51.85
1704218400,0.9489,48.69,51.31
1704240000,1.028,50.69,49.31
1704261600,1.0614,51.49,48.51
1704283200,1.2946,56.42,43.58
1704304800,1.6233,61.88,38.12
1704326400,1.6448,62.19,37.81
1704348000,1.5465,60.73,39.27
1704369600,1.4085,58.48,41.52
1704391200,1.2056,54.66,45.34
1704412800,1.1744,54.01,45.99
1704434400,1.2242,55.04,44.96
1704456000,1.1825,54.18,45.82
1704477600,1.3343,57.16,42.84
1704499200,1.2217,54.99,45.01
1704520800,1.1524,53.54,46.46
1704542400,1.2753,56.05,43.95
1704564000,1.2676,55.9,44.1
1704585600,1.2386,55.33,44.67
1704607200,1.1796,54.12,45.88
1704628800,1.1603,53.71,46.29
1704650400,1.1496,53.48,46.52
1704672000,1.157,53.64,46.36
1704693600,1.265,55.85,44.15
1704715200,1.0881,52.11,47.89
1704736800,0.9316,48.23,51.77
1704758400,0.7899,44.13,55.87
1704780000,0.7443,42.67,57.33
1704801600,0.8172,44.97,55.03
1704823200,0.8423,45.72,54.28
1704844800,1.1626,53.76,46.24
1704866400,1.2277,55.11,44.89
1704888000,1.4337,58.91,41.09
1704909600,1.6137,61.74,38.26
1704931200,1.6076,61.65,38.35
1704952800,1.5927,61.43,38.57
1704974400,1.4643,59.42,40.58
1704996000,1.702,62.99,37.01
1705017600,1.7108,63.11,36.89
1705039200,1.7663,63.85,36.15
1705060800,1.891,65.41,34.59
1705082400,2.659,72.67,27.33
1705104000,2.701,72.98,27.02
1705125600,2.8183,73.81,26.19
1705147200,2.7327,73.21,26.79
1705168800,2.7879,73.6,26.4
1705190400,2.8329,73.91,26.09
1705212000,2.8521,74.04,25.96
1705233600,2.7538,73.36,26.64
1705255200,2.7369,73.24,26.76
1705276800,2.6536,72.63,27.37
1705298400,2.7651,73.44,26.56
1705320000,2.6219,72.39,27.61
1705341600,2.6062,72.27,27.73
1705363200,2.6166,72.35,27.65
1705384800,2.6523,72.62,27.38
1705406400,2.5224,71.61,28.39
1705428000,2.2062,68.81,31.19
1705449600,2.1556,68.31,31.69
1705471200,2.2573,69.3,30.7
1705492800,2.5039,71.46,28.54
1705514400,2.6887,72.89,27.11
1705536000,2.5125,71.53,28.47
1705557600,2.459,71.09,28.91
1705579200,2.6403,72.53,27.47
1705600800,2.7092,73.04,26.96
1705622400,2.9063,74.4,25.6
1705644000,2.867,74.14,25.86
1705665600,2.7594,73.4,26.6
1705687200,2.6832,72.85,27.15
1705708800,2.4412,70.94,29.06
1705730400,2.427,70.82,29.18
1705752000,2.4435,70.96,29.04
1705773600,2.3818,70.43,29.57
1705795200,2.3613,70.25,29.75
1705816800,2.3523,70.17,29.83
1705838400,2.3278,69.95,30.05
1705860000,2.406,70.64,29.36
1705881600,2.3944,70.54,29.46
1705903200,2.635,72.49,27.51
1705924800,2.5997,72.22,27.78
1705946400,2.6819,72.84,27.16
1705968000,2.6193,72.37,27.63
1705989600,2.6062,72.27,27.73
1706011200,2.3535,70.18,29.82
1706032800,2.3156,69.84,30.16
1706054400,2.3523,70.17,29.83
1706076000,2.2927,69.63,30.37
1706097600,2.2041,68.79,31.21
1706119200,2.075,67.48,32.52
1706140800,2.1085,67.83,32.17
1706162400,2.0294,66.99,33.01
1706184000,1.924,65.8,34.2
1706205600,2.076,67.49,32.51
1706227200,2.0312,67.01,32.99
1706248800,1.8425,64.82,35.18
1706270400,1.8637,65.08,34.92
1706292000,1.5439,60.69,39.31
1706313600,1.4624,59.39,40.61
1706335200,1.5,60.0,40.0
1706356800,1.5833,61.29,38.71
1706378400,1.588,61.36,38.64
1706400000,1.5013,60.02,39.98
1706421600,1.5387,60.61,39.39
1706443200,1.5038,60.06,39.94
1706464800,1.505,60.08,39.92
1706486400,1.5674,61.05,38.95
1706508000,1.5913,61.41,38.59
1706529600,1.5259,60.41,39.59
1706551200,1.3736,57.87,42.13
1706572800,1.3359,57.19,42.81
1706594400,1.2331,55.22,44.78
1706616000,1.2396,55.35,44.65
1706637600,1.1844,54.22,45.78
1706659200,1.1848,54.23,45.77
1706680800,1.2696,55.94,44.06
1706702400,1.3646,57.71,42.29
1706724000,1.2326,55.21,44.79
1706745600,1.4184,58.65,41.35
1706767200,1.6532,62.31,37.69
1706788800,1.6582,62.38,37.62
1706810400,1.4355,58.94,41.06
1706832000,1.3747,57.89,42.11
1706853600,1.3568,57.57,42.43
1706875200,1.3375,57.22,42.78
1706896800,1.3159,56.82,43.18
1706918400,1.302,56.56,43.44
1706940000,1.2361,55.28,44.72
1706961600,1.28,56.14,43.86
1706983200,1.2894,56.32,43.68
1707004800,1.3386,57.24,42.76
1707026400,1.3952,58.25,41.75
1707048000,1.439,59.0,41.0
1707069600,1.4673,59.47,40.53
1707091200,1.5471,60.74,39.26
1707112800,1.5523,60.82,39.18
1707134400,1.3629,57.68,42.32
1707156000,1.6631,62.45,37.55
1707177600,1.7824,64.06,35.94
1707199200,1.6695,62.54,37.46
1707220800,1.5615,60.96,39.04
1707242400,1.2153,54.86,45.14
1707264000,1.2507,55.57,44.43
1707285600,1.3821,58.02,41.98
1707307200,1.4624,59.39,40.61
1707328800,1.2119,54.79,45.21
1707350400,1.0458,51.12,48.88
1707372000,0.9331,48.27,51.73
1707393600,0.8983,47.32,52.68
1707415200,0.8619,46.29,53.71
1707436800,0.807,44.66,55.34
1707458400,0.8352,45.51,54.49
1707480000,0.8413,45.69,54.31
1707501600,0.7167,41.75,58.25
1707523200,0.7212,41.9,58.1
1707544800,0.7677,43.43,56.57
1707566400,0.7179,41.79,58.21
1707588000,0.7123,41.6,58.4
1707609600,0.6485,39.34,60.66
1707631200,0.6393,39.0,61.0
1707652800,0.6889,40.79,59.21
1707674400,0.6717,40.18,59.82
1707696000,0.6793,40.45,59.55
1707717600,0.7077,41.44,58.56
1707739200,0.6906,40.85,59.15
1707760800,0.62,38.27,61.73
1707782400,0.6088,37.84,62.16
1707804000,0.6176,38.18,61.82
1707825600,0.6764,40.35,59.65
1707847200,0.8248,45.2,54.8
1707868800,0.7924,44.21,55.79
1707890400,0.7516,42.91,57.09
1707912000,0.6396,39.01,60.99
1707933600,0.5773,36.6,63.4
1707955200,0.5883,37.04,62.96
1707976800,0.5931,37.23,62.77
1707998400,0.5936,37.25,62.75
1708020000,0.657,39.65,60.35
1708041600,0.6906,40.85,59.15
1708063200,0.6731,40.23,59.77
1708084800,0.641,39.06,60.94
1708106400,0.6603,39.77,60.23
1708128000,0.6714,40.17,59.83
1708149600,0.6728,40.22,59.78
1708171200,0.7464,42.74,57.26
1708192800,0.8113,44.79,55.21
1708214400,0.7593,43.16,56.84
1708236000,0.7721,43.57,56.43
1708257600,0.7364,42.41,57.59
1708279200,0.7492,42.83,57.17
1708300800,0.7298,42.19,57.81
1708322400,0.7304,42.21,57.79
1708344000,0.7068,41.41,58.59
1708365600,0.734,42.33,57.67
1708387200,0.7986,44.4,55.6
1708408800,0.7979,44.38,55.62
1708430400,0.715,41.69,58.31
1708452000,0.9354,48.33,51.67
1708473600,0.7886,44.09,55.91
1708495200,0.7784,43.77,56.23
1708516800,1.0044,50.11,49.89
1708538400,1.0859,52.06,47.94
1708560000,1.0198,50.49,49.51
1708581600,0.9689,49.21,50.79
1708603200,0.9436,48.55,51.45
1708624800,0.9771,49.42,50.58
1708646400,0.9639,49.08,50.92
1708668000,1.089,52.13,47.87
1708689600,1.1057,52.51,47.49
1708711200,1.1533,53.56,46.44
1708732800,1.1858,54.25,45.75
1708754400,1.1668,53.85,46.15
1708776000,1.1441,53.36,46.64
1708797600,1.0534,51.3,48.7
1708819200,0.9893,49.73,50.27
1708840800,0.9728,49.31,50.69
1708862400,0.9658,49.13,50.87
1708884000,0.9948,49.87,50.13
1708905600,0.9365,48.36,51.64
1708927200,0.994,49.85,50.15
1708948800,1.1222,52.88,47.12
1708970400,0.7367,42.42,57.58
1708992000,0.6798,40.47,59.53
1709013600,0.7947,44.28,55.72
1709035200,0.774,43.63,56.37
1709056800,0.7277,42.12,57.88
1709078400,0.7559,43.05,56.95
1709100000,0.7437,42.65,57.35
1709121600,0.7265,42.08,57.92
1709143200,0.9539,48.82,51.18
1709164800,0.9984,49.96,50.04
1709186400,1.0321,50.79,49.21
1709208000,1.0589,51.43,48.57
1709229600,1.0751,51.81,48.19
1709251200,1.1529,53.55,46.45
1709272800,1.2143,54.84,45.16
1709294400,1.1459,53.4,46.6
1709316000,1.1664,53.84,46.16
1709337600,1.0708,51.71,48.29
1709359200,1.1575,53.65,46.35
1709380800,1.2371,55.3,44.7
1709402400,1.28,56.14,43.86
1709424000,1.2931,56.39,43.61
1709445600,1.2442,55.44,44.56
1709467200,1.2696,55.94,44.06
1709488800,1.1529,53.55,46.45
1709510400,1.1584,53.67,46.33
1709532000,1.1561,53.62,46.38
1709553600,1.0947,52.26,47.74
1709575200,1.1115,52.64,47.36
1709596800,1.1133,52.68,47.32
1709618400,1.2065,54.68,45.32
1709640000,1.3386,57.24,42.76
1709661600,1.5075,60.12,39.88
1709683200,1.6164,61.78,38.22
1709704800,1.4907,59.85,40.15
1709726400,1.3196,56.89,43.11
1709748000,1.1377,53.22,46.78
1709769600,1.2341,55.24,44.76
1709791200,1.3878,58.12,41.88
1709812800,1.3073,56.66,43.34
1709834400,1.1327,53.11,46.89
1709856000,1.1964,54.47,45.53
1709877600,1.3127,56.76,43.24
1709899200,1.2022,54.59,45.41
1709920800,1.2173,54.9,45.1
1709942400,1.2134,54.82,45.18
1709964000,1.2297,55.15,44.85
1709985600,1.2967,56.46,43.54
1710007200,1.3111,56.73,43.27
1710028800,1.2391,55.34,44.66
1710050400,1.0329,50.81,49.19
1710072000,0.9643,49.09,50.91
1710093600,0.9904,49.76,50.24
1710115200,1.0886,52.12,47.88
1710136800,1.1716,53.95,46.05
1710158400,0.9198,47.91,52.09
1710180000,0.8553,46.1,53.9
1710201600,0.8871,47.01,52.99
1710223200,0.9786,49.46,50.54
1710244800,0.9524,48.78,51.22
1710266400,1.4667,59.46,40.54
1710288000,1.3408,57.28,42.72
1710309600,1.2134,54.82,45.18
1710331200,0.9904,49.76,50.24
1710352800,1.0738,51.78,48.22
1710374400,1.019,50.47,49.53
1710396000,1.0338,50.83,49.17
1710417600,1.0855,52.05,47.95
1710439200,1.6144,61.75,38.25
1710460800,1.6137,61.74,38.26
1710482400,1.9438,66.03,33.97
1710504000,1.8409,64.8,35.2
1710525600,1.7624,63.8,36.2
1710547200,1.6817,62.71,37.29
1710568800,1.5394,60.62,39.38
1710590400,1.6998,62.96,37.04
1710612000,1.7315,63.39,36.61
1710633600,2.0469,67.18,32.82
